State,City Or County
Illinois,East St. Louis
Texas,Flour Bluff
California,East Palo Alto
Washington,Skyway
Illinois,Centreville
New York,Manhattan
Maryland,Seat Pleasant
Tennessee,Lookout Valley
Florida,Orlando (Pine Hills)
Illinois,Lovejoy (Brooklyn)
Minnesota,Minneapolis (Brooklyn Center)
New York,New York (Manhattan)
Florida,Allapattah
Maryland,Springdale
Missouri,Kinloch
New York,Gates
Missouri,Tyrone
Ohio,Beachwood (Warrensville Heights)
New York,Arverne (Queens)
Georgia,Lenox (El Dorado)
Illinois,Chicago (Roseland)
Texas,Mission (Palmview)
Florida,Fort Lauderdale (Lauderhill)
Illinois,Chicago (Englewood)
North Carolina,Winston Salem (Winston-salem)
California,Los Angeles (Hollywood)
Arkansas,Hot Springs National Park (Hot Springs)
Alabama,Bessemer (Brighton)
Pennsylvania,Reading (Sinking Spring)
Florida,Hollywood (West Park)
Georgia,Townsend (Eulonia)
Missouri,Saint Louis (Ferguson)
Maryland,District Heights (Forestville)
Florida,Plantation
Pennsylvania,Pittsburgh (Wilkinsburg)
Virginia,Woodbridge (Lake Ridge)
Colorado,Littleton (Highlands Ranch)
Mississippi,Mc Cool (Mccool)
Ohio,Dayton (Trotwood)
Florida,Orlando (Pine Castle)
Missouri,Saint Louis (University City)
California,Los Angeles (Boyle Heights)
Louisiana,New Orleans (Gentilly)
Minnesota,Minneapolis (Crystal)
New York,Corona (Queens)
California,Los Angeles (Watts)
California,Long Beach (North Long Beach)
California,Palo Alto (East Palo Alto)
New Mexico,Espanola (Espa√±ola)
Louisiana,New Orleans (Algiers)
Florida,Palm Beach Gardens (Riviera Beach)
Alabama,Brandon
Pennsylvania,Homestead (Munhall)
Indiana,Indianapolis (Lawrence)
Washington,Seattle (Skyway)
Utah,Salt Lake City (West Valley City)
Florida,Pompano Beach (Parkland)
Florida,Lake Worth (Lantana)
Ohio,Cleveland (Garfield Heights)
Missouri,Saint Robert (St Robert)
Minnesota,Minneapolis (Spring Lake Park)
Missouri,Saint Louis (Moline Acres)
Florida,Brownsville
Oklahoma,Oklahoma City (Midwest City)
Illinois,Round Lake (Round Lake Park)
Maryland,Temple Hills (Camp Springs)
Missouri,Saint Louis (Wellston)
Maryland,Hyattsville (Landover)
Wisconsin,Milwaukee (Wauwatosa)
Missouri,Saint Louis (Jennings)
Alabama,Bessemer (Hueytown)
Maryland,Temple Hills (Marlow Heights)
Alabama,Birmingham (Hoover)
Texas,El Paso (Socorro)
Ohio,Warren (Howland)
Illinois,Chicago Heights (Ford Heights)
California,Florin
Mississippi,Robinsonville (Tunica Resorts)
Nevada,Las Vegas (Enterprise)
California,Goshen
Utah,Cedar City (Enoch)
Illinois,Washington Park
Texas,Mcallen (McAllen)
Texas,Mc Gregor
Florida,Miami (North Miami)
Florida,Fort Lauderdale (Lauderdale Lakes)
Georgia,Atlanta (College Park)
Kansas,Cowley (county)
California,Willowbrook
Louisiana,Hahnville (Killona)
Colorado,Littleton (Lakewood)
South Carolina,Mc Coll (Mccoll)
Washington,Seattle (Des Moines)
Maryland,Hyattsville (Adelphi)
Florida,Miami (Kendall)
Maryland,Gwynn Oak (Woodlawn)
Missouri,Saint Louis (Kinloch)
Louisiana,La Place (Laplace)
South Carolina,Mccormick
Pennsylvania,Norristown (East Norriton)
Florida,Fort Lauderdale (Sunrise)
Pennsylvania,Mc Kees Rocks (Mckees Rocks)
