State,City Or County,County/Parish
California,Los Angeles,Los Angeles
California,Sacramento,Sacramento
Florida,Sarasota,Sarasota
Virginia,Newport News,Newport News
California,San Francisco,San Francisco
Colorado,Denver,Denver
Texas,El Paso,El Paso
New York,Queens,Queens
California,Fresno,Fresno
Pennsylvania,Philadelphia,Philadelphia
South Carolina,Florence,Florence
Alaska,Anchorage,Anchorage
Georgia,Macon,Macon
Mississippi,Jackson,Jackson
Wisconsin,Milwaukee,Milwaukee
Virginia,Culpeper,Culpeper
Texas,Dallas,Dallas
Rhode Island,Providence,Providence
California,San Bernardino,San Bernardino
Texas,Houston,Houston
Virginia,Norfolk,Norfolk
Pennsylvania,Chester,Chester
California,San Diego,San Diego
Ohio,Sandusky,Sandusky
Georgia,Decatur,Decatur
Illinois,Montgomery,Montgomery
Texas,Austin,Austin
Indiana,Franklin,Franklin
Virginia,Manassas,Manassas
Pennsylvania,Erie,Erie
Tennessee,Jackson,Jackson
Alabama,Mobile,Mobile
Maryland,Baltimore,Baltimore
Illinois,Kankakee,Kankakee
Iowa,Des Moines,Des Moines
South Carolina,Bamberg,Bamberg
Indiana,Elkhart,Elkhart
Illinois,Peoria,Peoria
Oklahoma,Tulsa,Tulsa
Texas,Tyler,Tyler
North Carolina,Durham,Durham
South Carolina,Orangeburg,Orangeburg
Virginia,Hopewell,Hopewell
Louisiana,Lafayette,Lafayette
New York,Bronx,Bronx
Virginia,Suffolk,Suffolk
South Carolina,Charleston,Charleston
New Jersey,Camden,Camden
Montana,Deer Lodge,Deer Lodge
Connecticut,New Haven,New Haven
Alabama,Montgomery,Montgomery
Virginia,Richmond,Richmond
Virginia,Portsmouth,Portsmouth
Kansas,Wichita,Wichita
Virginia,Roanoke,Roanoke
North Carolina,Madison,Madison
North Carolina,Wilson,Wilson
New York,Albany,Albany
California,Riverside,Riverside
Georgia,Jackson,Jackson
Illinois,Champaign,Champaign
Virginia,Lynchburg,Lynchburg
Michigan,Saginaw,Saginaw
Texas,Lubbock,Lubbock
Ohio,Hamilton,Hamilton
Texas,Bastrop,Bastrop
Texas,Crosby,Crosby
Michigan,Jackson,Jackson
Connecticut,Hartford,Hartford
Virginia,Halifax,Halifax
Georgia,Appling,Appling
Michigan,Kalamazoo,Kalamazoo
Virginia,Chesapeake,Chesapeake
Virginia,Gloucester,Gloucester
Virginia,Petersburg,Petersburg
Pennsylvania,York,York
South Carolina,Allendale,Allendale
Virginia,Hampton,Hampton
South Carolina,Greenwood,Greenwood
Virginia,Alexandria,Alexandria
Virginia,Virginia Beach,Virginia Beach
Ohio,Warren,Warren
Louisiana,Natchitoches,Natchitoches
South Carolina,Spartanburg,Spartanburg
North Carolina,Henderson,Henderson
Florida,Alachua,Alachua
Alabama,Madison,Madison
Texas,Nacogdoches,Nacogdoches
South Carolina,Sumter,Sumter
South Carolina,Lancaster,Lancaster
Maryland,Frederick,Frederick
South Carolina,Abbeville,Abbeville
Montana,Missoula,Missoula
Texas,Henderson,Henderson
Pennsylvania,Lebanon,Lebanon
Mississippi,Grenada,Grenada
South Carolina,Aiken,Aiken
South Carolina,Anderson,Anderson
Illinois,Rock Island,Rock Island
Colorado,Pueblo,Pueblo
Florida,Madison,Madison
South Carolina,Greenville,Greenville
South Carolina,Barnwell,Barnwell
Wisconsin,Racine,Racine
Michigan,Muskegon,Muskegon
California,Tulare,Tulare
California,Merced,Merced
Missouri,Cape Girardeau,Cape Girardeau
Texas,Galveston,Galveston
Iowa,Dubuque,Dubuque
Wisconsin,La Crosse,La Crosse
Tennessee,Sequatchie,Sequatchie
Arizona,Yuma,Yuma
Texas,Jasper,Jasper
Pennsylvania,Lancaster,Lancaster
Virginia,Charlottesville,Charlottesville
Virginia,Harrisonburg,Harrisonburg
Massachusetts,Worcester,Worcester
Wisconsin,Kenosha,Kenosha
New Mexico,Santa Fe,Santa Fe
Washington,Spokane,Spokane
Kentucky,Henderson,Henderson
Nebraska,Lincoln,Lincoln
Kentucky,Allen,Allen
Texas,Uvalde,Uvalde
Alabama,Tuscaloosa,Tuscaloosa
South Carolina,Chester,Chester
South Carolina,Dillon,Dillon
New Jersey,Passaic,Passaic
Texas,Victoria,Victoria
Idaho,Boise,Boise
Louisiana,Livingston,Livingston
South Carolina,Darlington,Darlington
California,Orange,Orange
Colorado,Boulder,Boulder
Oklahoma,Muskogee,Muskogee
California,Santa Barbara,Santa Barbara
Louisiana,New Orleans,Orleans
Missouri,Saint Louis,St. Louis
Kentucky,Winchester,Clark
Michigan,Detroit,Wayne
New York,Webster,Monroe
Illinois,Chicago,Cook
Mississippi,Waynesboro,Wayne
Illinois,Calumet City,Cook
Illinois,Rockford,Winnebago
New Jersey,Elizabeth,Union
Pennsylvania,Lansdale,Montgomery
Florida,Miami,Miami-Dade
Florida,Tampa,Hillsborough
Oregon,Portland,Multnomah
Indiana,South Bend,St. Joseph
Tennessee,Chattanooga,Hamilton
New York,Brooklyn,Kings
New Jersey,Newark,Essex
Georgia,Atlanta,Fulton
Tennessee,Memphis,Shelby
Texas,Georgetown,Williamson
Virginia,Parksley,Accomack
Ohio,Cleveland,Cuyahoga
South Dakota,Sisseton,Roberts
Ohio,Springfield,Clark
Pennsylvania,Pittsburgh,Allegheny
Nevada,North Las Vegas,Clark
Ohio,Akron,Summit
Missouri,Springfield,Greene
California,Pomona,Los Angeles
California,Compton,Los Angeles
Kentucky,Cadiz,Trigg
Washington,Marysville,Snohomish
South Carolina,Graniteville,Aiken
Georgia,Peachtree Corners,Gwinnett
California,Stockton,San Joaquin
New York,Utica,Oneida
New York,Guilderland,Albany
Florida,Jacksonville,Duval
South Carolina,Walterboro,Colleton
Ohio,East Liverpool,Columbiana
Mississippi,Batesville,Panola
Florida,Bell,Gilchrist
Texas,Corpus Christi,Nueces
Florida,Orlando,Orange
Michigan,Flint,Genesee
California,Highland,San Bernardino
California,Livermore,Alameda
Florida,Brooksville,Hernando
California,San Fernando,Los Angeles
Georgia,Augusta,Richmond
Louisiana,Saint Martinville,St. Martin
Massachusetts,Boston,Suffolk
Nevada,Las Vegas,Clark
Utah,Salt Lake City,Salt Lake
New Jersey,Plainfield,Union
Tennessee,Clarksville,Montgomery
New York,Buffalo,Erie
Georgia,Cartersville,Bartow
District of Columbia,Washington,District of Columbia
Georgia,Wrightsville,Johnson
California,Moreno Valley,Riverside
Minnesota,Minneapolis,Hennepin
New Mexico,Albuquerque,Bernalillo
California,Bakersfield,Kern
Texas,Humble,Harris
Tennessee,Columbia,Maury
Massachusetts,New Bedford,Bristol
North Carolina,Hope Mills,Cumberland
Maine,Saco,York
Arkansas,Pine Bluff,Jefferson
Georgia,Sylvester,Worth
Pennsylvania,Braddock,Allegheny
New Jersey,Irvington,Essex
Illinois,East Saint Louis,St. Clair
Connecticut,Stamford,Fairfield
California,Pasadena,Los Angeles
Texas,Spring,Harris
Kentucky,Stopover,Pike
Indiana,Indianapolis,Marion
Kentucky,Lexington,Fayette
California,Antioch,Contra Costa
Massachusetts,Lowell,Middlesex
California,Windsor,Sonoma
Indiana,Kokomo,Howard
Illinois,Park Forest,Cook
New Jersey,Paterson,Passaic
Florida,Fort Myers,Lee
Alabama,Opp,Covington
Michigan,Oak Park,Oakland
South Carolina,Moncks Corner,Berkeley
Ohio,Toledo,Lucas
South Carolina,Myrtle Beach,Horry
California,Goleta,Santa Barbara
California,Bellflower,Los Angeles
California,Coachella,Riverside
Georgia,Stone Mountain,DeKalb
Colorado,Wheat Ridge,Jefferson
Arkansas,Jonesboro,Craighead
Georgia,Kennesaw,Cobb
New York,Troy,Rensselaer
Indiana,Richmond,Wayne
Massachusetts,Springfield,Hampden
Oklahoma,Oklahoma City,Oklahoma
Arizona,Phoenix,Maricopa
California,Fairfield,Solano
Texas,Fort Hood,Bell
Mississippi,Starkville,Oktibbeha
North Carolina,Charlotte,Mecklenburg
Texas,Arlington,Tarrant
California,Long Beach,Los Angeles
South Carolina,North Charleston,Charleston
Texas,Beaumont,Jefferson
Georgia,Waynesboro,Burke
Ohio,Fremont,Sandusky
California,Richmond,Contra Costa
South Carolina,Pelzer,Anderson
Virginia,Glade Spring,Washington
California,Wilmington,Los Angeles
California,Alturas,Modoc
Texas,Fort Worth,Tarrant
Indiana,Fort Wayne,Allen
Indiana,Gary,Lake
California,Oakland,Alameda
Texas,Cypress,Harris
North Carolina,Rocky Mount,Nash
Washington,Seattle,King
Florida,Belle Glade,Palm Beach
Oklahoma,Ardmore,Carter
Utah,Spanish Fork,Utah
Illinois,Elgin,Kane
Louisiana,Tallulah,Madison
Alabama,Huntsville,Madison
California,San Leandro,Alameda
North Carolina,Wilmington,New Hanover
Florida,North Miami Beach,Miami-Dade
California,Huntington Beach,Orange
Georgia,Savannah,Chatham
Ohio,Cincinnati,Hamilton
Louisiana,Raceland,Lafourche
Nebraska,Omaha,Douglas
Colorado,Colorado Springs,El Paso
South Carolina,Conway,Horry
Ohio,Columbus,Franklin
New York,Newburgh,Orange
Texas,Brownsville,Cameron
Alabama,Cedar Bluff,Cherokee
Texas,Tennessee Colony,Anderson
Pennsylvania,Johnstown,Cambria
Michigan,Warren,Macomb
South Carolina,Pendleton,Anderson
Louisiana,Houma,Terrebonne
North Carolina,Four Oaks,Johnston
Tennessee,Nashville,Davidson
Arizona,Flagstaff,Coconino
Oregon,Roseburg,Douglas
Ohio,Dayton,Montgomery
Georgia,Greenville,Meriwether
Missouri,Kansas City,Jackson
Illinois,Danville,Vermilion
Louisiana,Shreveport,Caddo
Georgia,Norcross,Gwinnett
South Dakota,Geddes,Charles Mix
Michigan,Albion,Calhoun
Florida,Ocala,Marion
New York,Rochester,Monroe
Georgia,Berlin,Colquitt
Minnesota,Excelsior,Hennepin
Florida,Daytona Beach,Volusia
Missouri,Columbia,Boone
Tennessee,Bristol,Sullivan
Florida,Saint Augustine,St. Johns
California,Salinas,Monterey
Florida,West Palm Beach,Palm Beach
California,Modesto,Stanislaus
New Mexico,Roswell,Chaves
South Carolina,Bennettsville,Marlboro
Mississippi,Forest,Scott
North Carolina,Gastonia,Gaston
Arkansas,Blytheville,Mississippi
Vermont,Barre,Washington
South Carolina,Columbia,Richland
Georgia,Suwanee,Gwinnett
Florida,Miami Gardens,Miami-Dade
Kentucky,Louisville,Jefferson
California,Santa Paula,Ventura
Oregon,Salem,Marion
Louisiana,Baton Rouge,East Baton Rouge
South Carolina,Holly Hill,Orangeburg
California,Norwalk,Los Angeles
Illinois,River Forest,Cook
New Jersey,Jersey City,Hudson
New Jersey,East Orange,Essex
Massachusetts,Pittsfield,Berkshire
New York,Syracuse,Onondaga
Texas,San Antonio,Bexar
Florida,Opa Locka,Miami-Dade
Illinois,Venice,Madison
Delaware,Harrington,Kent
Massachusetts,Taunton,Bristol
North Carolina,Morven,Anson
Rhode Island,Woonsocket,Providence
Georgia,Fayetteville,Fayette
Georgia,Milledgeville,Baldwin
Connecticut,Bridgeport,Fairfield
Iowa,Davenport,Scott
New York,Wyandanch,Suffolk
Georgia,Conyers,Rockdale
Illinois,Decatur,Macon
Massachusetts,Brockton,Plymouth
Texas,Waco,McLennan
Arizona,Tucson,Pima
Maryland,Capitol Heights,Prince George's
Wisconsin,Menasha,Winnebago
Arizona,Gila Bend,Maricopa
New Jersey,Trenton,Mercer
Texas,Killeen,Bell
Pennsylvania,Williamsport,Lycoming
North Carolina,Lumberton,Robeson
Georgia,Rome,Floyd
Michigan,Benton Harbor,Berrien
Florida,Panama City Beach,Bay
Texas,Amarillo,Randall
Texas,Lancaster,Dallas
Arizona,Mesa,Maricopa
Mississippi,Brookhaven,Lincoln
Georgia,Columbus,Muscogee
South Carolina,Seneca,Oconee
Georgia,Clarkesville,Habersham
Arkansas,Little Rock,Pulaski
Florida,New Port Richey,Pasco
Tennessee,Friendship,Crockett
Georgia,Douglasville,Douglas
Georgia,Lagrange,Troup
Georgia,Ellenwood,DeKalb
Florida,Lakeland,Polk
California,San Jose,Santa Clara
Ohio,Mansfield,Richland
Connecticut,Wallingford,New Haven
Alabama,Ozark,Dale
New York,Mount Vernon,Westchester
Alabama,Birmingham,Jefferson
Texas,Channelview,Harris
New Jersey,Bloomfield,Essex
California,Clearlake Oaks,Lake
California,San Pedro,Los Angeles
Mississippi,Olive Branch,DeSoto
Florida,Clewiston,Hendry
Tennessee,Dyersburg,Dyer
New Jersey,Orange,Essex
Oklahoma,Wellston,Lincoln
Michigan,Grand Rapids,Kent
Illinois,Pembroke Township,Kankakee
Washington,Burlington,Skagit
North Carolina,New Bern,Craven
Texas,Del Valle,Travis
Pennsylvania,Reading,Berks
New Jersey,Egg Harbor City,Atlantic
Alabama,Dadeville,Tallapoosa
New Jersey,Bridgeton,Cumberland
Connecticut,Hamden,New Haven
Washington,Tacoma,Pierce
Alabama,Citronelle,Mobile
Connecticut,Waterbury,New Haven
New York,Richmond Hill,Queens
Missouri,Joplin,Jasper
Illinois,Evanston,Cook
Colorado,Arvada,Jefferson
Mississippi,Vicksburg,Warren
Michigan,Pontiac,Oakland
California,Perris,Riverside
Indiana,Evansville,Vanderburgh
Washington,Mukilteo,Snohomish
Georgia,Athens,Clarke
New York,Elmira,Chemung
Arkansas,West Memphis,Crittenden
Washington,Woodland,Cowlitz
Georgia,Warner Robins,Houston
Michigan,Saint Joseph,Berrien
Louisiana,Monroe,Ouachita
Oregon,Woodburn,Marion
Kansas,Kansas City,Wyandotte
Maryland,District Heights,Prince George's
Washington,Olympia,Thurston
New Jersey,Willingboro,Burlington
Georgia,Waycross,Ware
Virginia,Exmore,Northampton
Delaware,Wilmington,New Castle
Minnesota,Webster,Rice
California,Panorama City,Los Angeles
Florida,Fort Walton Beach,Okaloosa
California,Visalia,Tulare
Florida,Cape Coral,Lee
South Carolina,Ravenel,Charleston
Georgia,Moultrie,Colquitt
West Virginia,Charleston,Kanawha
Maryland,Bethesda,Montgomery
Tennessee,Murfreesboro,Rutherford
Mississippi,Kilmichael,Montgomery
Alabama,Auburn,Lee
Kansas,Topeka,Shawnee
Ohio,Piketon,Pike
Alabama,Blountsville,Blount
Texas,Edinburg,Hidalgo
Alabama,Enterprise,Coffee
Alabama,Anniston,Calhoun
Alabama,Wetumpka,Elmore
Massachusetts,Chelsea,Suffolk
Georgia,Roswell,Fulton
California,Mira Loma,Riverside
Washington,Belfair,Mason
Kansas,Hesston,Harvey
Arizona,Glendale,Maricopa
Missouri,Hazelwood,St. Louis
Alabama,Bessemer,Jefferson
Mississippi,Iuka,Tishomingo
Missouri,Edgerton,Platte
California,Vallejo,Solano
Alabama,Eutaw,Greene
Louisiana,Marrero,Jefferson
Mississippi,Pass Christian,Harrison
Florida,Apopka,Orange
New Jersey,Long Branch,Monmouth
Alabama,Troy,Pike
Louisiana,Eunice,St. Landry
California,Pacoima,Los Angeles
Texas,Garland,Dallas
Louisiana,New Iberia,Iberia
California,Corning,Tehama
North Carolina,Fayetteville,Cumberland
Texas,Sutherland Springs,Wilson
Ohio,Youngstown,Mahoning
California,Santa Monica,Los Angeles
California,Gardena,Los Angeles
Louisiana,Lacombe,St. Tammany
Alabama,Lanett,Chambers
Maryland,Edgewood,Harford
Mississippi,Meridian,Lauderdale
California,Aliso Viejo,Orange
Ohio,Pedro,Lawrence
Arizona,Casa Grande,Pinal
Kansas,Lawrence,Douglas
Tennessee,Antioch,Davidson
New Jersey,Mays Landing,Atlantic
Washington,Rockford,Spokane
Texas,Plano,Collin
Alabama,Selma,Dallas
Illinois,Bellwood,Cook
California,Inglewood,Los Angeles
New Mexico,Clovis,Curry
Florida,Gainesville,Alachua
North Carolina,Whitakers,Nash
California,North Hollywood,Los Angeles
New Jersey,Lakewood,Ocean
Florida,Tallahassee,Leon
Montana,Lodge Grass,Big Horn
Washington,Toppenish,Yakima
North Carolina,Salisbury,Rowan
North Carolina,High Point,Guilford
Arizona,El Mirage,Maricopa
Virginia,Lawrenceville,Brunswick
Illinois,Alton,Madison
Maine,Madison,Somerset
North Carolina,Raleigh,Wake
Alabama,Prattville,Autauga
Illinois,Momence,Kankakee
Florida,Fort Lauderdale,Broward
New Mexico,La Madera,Rio Arriba
Ohio,Canton,Stark
Utah,Sandy,Salt Lake
Ohio,Middletown,Butler
Alabama,Phenix City,Russell
Mississippi,Moss Point,Jackson
Mississippi,Bogue Chitto,Lincoln
South Carolina,Ruffin,Colleton
Illinois,Dolton,Cook
Florida,Avon Park,Highlands
South Carolina,Loris,Horry
California,Whittier,Los Angeles
Maryland,Germantown,Montgomery
Florida,Palm Bay,Brevard
North Carolina,Elizabeth City,Pasquotank
Illinois,Rock Falls,Whiteside
Illinois,Harvey,Cook
California,Banning,Riverside
North Carolina,Hickory,Catawba
Minnesota,Saint Paul,Ramsey
Louisiana,Lake Charles,Calcasieu
California,Pittsburg,Contra Costa
Florida,Sanford,Seminole
Tennessee,Knoxville,Knox
Wisconsin,Rothschild,Marathon
Louisiana,Metairie,Jefferson
Mississippi,Toomsuba,Lauderdale
Missouri,Caruthersville,Pemiscot
Florida,Greenville,Madison
Tennessee,Savannah,Hardin
Mississippi,Yazoo City,Yazoo
Washington,Bremerton,Kitsap
Tennessee,Brownsville,Haywood
Georgia,Albany,Dougherty
Texas,Manvel,Brazoria
Georgia,Jonesboro,Clayton
Florida,Boynton Beach,Palm Beach
Mississippi,Como,Panola
Colorado,Capulin,Conejos
Mississippi,Magnolia,Pike
California,Fontana,San Bernardino
Texas,Allen,Collin
Mississippi,Winstonville,Bolivar
Ohio,Lima,Allen
Missouri,Saint Charles,St. Charles
Louisiana,Lutcher,St. James
Wisconsin,Madison,Dane
Tennessee,Powell,Knox
Alabama,Demopolis,Marengo
New Mexico,Gallup,McKinley
North Carolina,Dunn,Harnett
Arizona,Globe,Gila
California,Thousand Oaks,Ventura
New York,Watertown,Jefferson
Arkansas,El Dorado,Union
Washington,Lakewood,Pierce
Texas,Taft,San Patricio
Georgia,Swainsboro,Emanuel
California,Baldwin Park,Los Angeles
New York,Hempstead,Nassau
Maryland,Aberdeen,Harford
Wisconsin,Middleton,Dane
Pennsylvania,Masontown,Fayette
Maryland,Silver Spring,Montgomery
Arkansas,Fort Smith,Sebastian
Colorado,Aurora,Adams
Pennsylvania,Wyncote,Montgomery
California,Clearlake,Lake
Colorado,Thornton,Adams
Michigan,Lansing,Ingham
Texas,Robstown,Nueces
Washington,Sunnyside,Yakima
Maryland,Fort Washington,Prince George's
Florida,Reddick,Marion
Georgia,Ashburn,Turner
Maryland,Annapolis,Anne Arundel
North Carolina,Sanford,Lee
Florida,Punta Gorda,Charlotte
Florida,Indiantown,Martin
Tennessee,Covington,Tipton
Louisiana,Morganza,Pointe Coupee
Illinois,Bloomington,McLean
California,Union City,Alameda
California,Tracy,San Joaquin
Colorado,Westminster,Adams
California,Valley Village,Los Angeles
Illinois,Aurora,Kane
Florida,Bradenton,Manatee
North Carolina,Kannapolis,Cabarrus
South Carolina,Timmonsville,Florence
Indiana,Anderson,Madison
Mississippi,Hazlehurst,Copiah
Texas,Santa Fe,Galveston
Texas,Ponder,Denton
Mississippi,Byhalia,Marshall
New Jersey,Paulsboro,Gloucester
Oklahoma,Talihina,Le Flore
Oklahoma,Stillwater,Payne
Illinois,Chicago Heights,Cook
Florida,Pompano Beach,Broward
Tennessee,Wartburg,Morgan
North Carolina,Monroe,Union
North Carolina,Maxton,Robeson
North Carolina,Asheville,Buncombe
New Jersey,Asbury Park,Monmouth
Florida,Macclenny,Baker
North Carolina,Wadesboro,Anson
Alabama,Hurtsboro,Russell
Kentucky,Paintsville,Johnson
Pennsylvania,Melcroft,Fayette
Kentucky,Bowling Green,Warren
Kentucky,Benton,Marshall
Alabama,Union Springs,Bullock
Mississippi,Hattiesburg,Forrest
Arkansas,Brinkley,Monroe
California,Ceres,Stanislaus
Florida,Saint Petersburg,Pinellas
Iowa,Coralville,Johnson
Illinois,Joliet,Will
Louisiana,Edgard,St. John the Baptist
Alabama,Tuskegee,Macon
Montana,Great Falls,Cascade
California,Ivanhoe,Tulare
Texas,Desoto,Dallas
Florida,Pensacola,Escambia
Louisiana,Cotton Valley,Webster
Arkansas,Hensley,Saline
Louisiana,Cottonport,Avoyelles
Washington,Everett,Snohomish
California,Santa Clarita,Los Angeles
Georgia,Vidalia,Toombs
Arizona,Tolleson,Maricopa
Texas,San Angelo,Tom Green
California,Orinda,Contra Costa
Texas,Greenville,Hunt
Texas,Port Arthur,Jefferson
Pennsylvania,Duquesne,Allegheny
Michigan,Eastpointe,Macomb
Massachusetts,Abington,Plymouth
North Carolina,Roxboro,Person
Missouri,Marshall,Saline
Kansas,Claflin,Barton
Wyoming,Cheyenne,Laramie
Louisiana,Alexandria,Rapides
North Carolina,Whiteville,Columbus
North Carolina,Greensboro,Guilford
Alabama,Elkmont,Limestone
Alabama,Valley,Chambers
Texas,Odessa,Ector
New Mexico,Hobbs,Lea
Massachusetts,Lynn,Essex
Georgia,Dublin,Laurens
Mississippi,Greenwood,Leflore
California,Gilroy,Santa Clara
Wisconsin,Chippewa Falls,Chippewa
Washington,Kennewick,Benton
California,Canoga Park,Los Angeles
Pennsylvania,Clairton,Allegheny
Nevada,Reno,Washoe
Texas,Katy,Harris
California,Yucaipa,San Bernardino
New York,Bay Shore,Suffolk
Louisiana,Gray,Terrebonne
California,La Jolla,San Diego
California,Santa Maria,Santa Barbara
Pennsylvania,Allentown,Lehigh
Tennessee,Henning,Lauderdale
Washington,White Swan,Yakima
California,Santa Rosa,Sonoma
California,West Covina,Los Angeles
Illinois,Robbins,Cook
Texas,Cleveland,San Jacinto
Louisiana,Reserve,St. John the Baptist
Virginia,La Crosse,Mecklenburg
Mississippi,Cascilla,Tallahatchie
Alabama,Atmore,Escambia
Iowa,Cedar Rapids,Linn
Indiana,Muncie,Delaware
Louisiana,Saint Rose,St. Charles
Pennsylvania,Effort,Monroe
New Jersey,North Bergen,Hudson
California,Oceano,San Luis Obispo
Ohio,West Chester,Butler
California,Poway,San Diego
Illinois,Carbondale,Jackson
Florida,Panama City,Bay
Georgia,Stockbridge,Henry
Mississippi,Hermanville,Claiborne
Kentucky,Covington,Kenton
Georgia,Rochelle,Wilcox
Kentucky,Elizabethtown,Hardin
Mississippi,Clinton,Hinds
Texas,Livingston,Polk
California,Palm Springs,Riverside
Louisiana,Gonzales,Ascension
Pennsylvania,State College,Centre
Georgia,Rockmart,Polk
Florida,Sebring,Highlands
South Carolina,Gaffney,Cherokee
Kentucky,Owensboro,Daviess
California,Palmdale,Los Angeles
California,Torrance,Los Angeles
Virginia,Hurt,Pittsylvania
Oregon,Happy Valley,Clackamas
Arkansas,Atkins,Pope
West Virginia,Elkview,Kanawha
New York,Copiague,Suffolk
Georgia,Tifton,Tift
West Virginia,Williamsburg,Greenbrier
Texas,Venus,Johnson
California,Hayward,Alameda
North Carolina,Autryville,Sampson
Pennsylvania,Morrisville,Bucks
Alaska,Palmer,Matanuska-Susitna
Nevada,Henderson,Clark
Nebraska,Bellevue,Sarpy
Florida,Haines City,Polk
Missouri,Fulton,Callaway
Kansas,Ogden,Riley
South Carolina,Rock Hill,York
Missouri,Jefferson City,Cole
South Carolina,Hollywood,Charleston
New Jersey,Atlantic City,Atlantic
Washington,Sumner,Pierce
California,Anaheim,Orange
Maryland,College Park,Prince George's
Maryland,Waldorf,Charles
Florida,Winter Garden,Orange
Louisiana,Rayne,Acadia
Mississippi,Canton,Madison
New York,Lockport,Niagara
South Carolina,Kingstree,Williamsburg
Ohio,Painesville,Lake
Iowa,Waterloo,Black Hawk
Georgia,Hampton,Henry
Ohio,Struthers,Mahoning
Louisiana,Baker,East Baton Rouge
Tennessee,Beechgrove,Coffee
New Jersey,New Brunswick,Middlesex
Louisiana,Donaldsonville,Ascension
California,Aguanga,Riverside
Colorado,Commerce City,Adams
Georgia,Sparta,Hancock
Florida,Williston,Levy
Illinois,Zion,Lake
Kentucky,Madisonville,Hopkins
South Carolina,Hilton Head Island,Beaufort
Tennessee,Somerville,Fayette
Texas,Dayton,Liberty
Michigan,Belleville,Wayne
Kentucky,Paducah,McCracken
California,Beverly Hills,Los Angeles
Texas,Pointblank,San Jacinto
Ohio,Elyria,Lorain
Washington,Federal Way,King
Texas,Mount Enterprise,Rusk
Arkansas,Magnolia,Columbia
California,Manteca,San Joaquin
Virginia,Fairfield,Rockbridge
Missouri,Saint Joseph,Buchanan
Washington,Kent,King
Arkansas,Helena,Phillips
Maryland,Cambridge,Dorchester
Pennsylvania,Ephrata,Lancaster
Illinois,Freeport,Stephenson
Mississippi,Greenville,Washington
California,Delano,Kern
Massachusetts,Somerville,Middlesex
Arkansas,Greenbrier,Faulkner
California,Sylmar,Los Angeles
South Dakota,Sioux Falls,Minnehaha
Alabama,Akron,Hale
California,Red Bluff,Tehama
Florida,Lake Worth,Palm Beach
Wisconsin,Janesville,Rock
North Carolina,Pinetops,Edgecombe
Iowa,Fort Dodge,Webster
Arkansas,Rison,Cleveland
California,Hesperia,San Bernardino
California,Paso Robles,San Luis Obispo
North Carolina,Scotland Neck,Halifax
Arkansas,Hope,Hempstead
Missouri,Sikeston,Scott
Mississippi,Drew,Sunflower
Ohio,Ironton,Lawrence
Alabama,Valhermoso Springs,Morgan
Mississippi,Gulfport,Harrison
Florida,Altha,Calhoun
South Carolina,Bowman,Orangeburg
Alabama,Danville,Morgan
South Carolina,Jonesville,Union
South Carolina,Saint Matthews,Calhoun
Louisiana,Bogalusa,Washington
Kentucky,Garrison,Lewis
Maryland,Hyattsville,Prince George's
Texas,Vidor,Orange
Florida,Hialeah,Miami-Dade
South Carolina,Hanahan,Berkeley
North Carolina,Moncure,Chatham
Illinois,South Holland,Cook
Maryland,Rosedale,Baltimore
Colorado,Brighton,Adams
North Carolina,Clarkton,Bladen
Idaho,Caldwell,Canyon
Mississippi,Port Gibson,Claiborne
Delaware,Dover,Kent
Maine,Machias,Washington
California,Lebec,Kern
Mississippi,Philadelphia,Neshoba
South Carolina,Hartsville,Darlington
North Carolina,Vanceboro,Craven
Texas,South Houston,Harris
Utah,Grantsville,Tooele
Mississippi,Bay Saint Louis,Hancock
West Virginia,Huntington,Cabell
Utah,Orem,Utah
Mississippi,Ripley,Tippah
Ohio,Hartville,Stark
California,Trabuco Canyon,Orange
Pennsylvania,Upper Darby,Delaware
New York,Valley Stream,Nassau
Texas,Denison,Grayson
Georgia,Louisville,Jefferson
Pennsylvania,Harrisburg,Dauphin
Washington,Bothell,Snohomish
Illinois,Crystal Lake,McHenry
Mississippi,Columbus,Lowndes
North Carolina,Wade,Cumberland
Mississippi,Clarksdale,Coahoma
Maryland,Bladensburg,Prince George's
North Dakota,Fargo,Cass
California,Indio,Riverside
Maryland,Salisbury,Wicomico
Minnesota,Truman,Martin
Indiana,Michigan City,LaPorte
Missouri,Saint Ann,St. Louis
Michigan,Ypsilanti,Washtenaw
Texas,Missouri City,Fort Bend
North Carolina,Asheboro,Randolph
Illinois,Willowbrook,DuPage
Idaho,Kellogg,Shoshone
North Carolina,Greenville,Pitt
Washington,Quincy,Grant
California,Carson,Los Angeles
New Jersey,Clifton,Passaic
Ohio,New Richmond,Clermont
Louisiana,Labadieville,Assumption
Illinois,Oak Park,Cook
Washington,Benton City,Benton
Pennsylvania,Jeannette,Westmoreland
Texas,Sunnyvale,Dallas
Florida,Hollywood,Broward
Ohio,Canal Winchester,Franklin
Arkansas,Marianna,Lee
New Mexico,Red River,Taos
Georgia,Brunswick,Glynn
Virginia,Woodbridge,Prince William
Texas,Texarkana,Bowie
Indiana,Columbus,Bartholomew
Washington,Renton,King
Mississippi,Jonestown,Coahoma
Louisiana,Thibodaux,Lafourche
Georgia,Thomson,McDuffie
New Mexico,Farmington,San Juan
Pennsylvania,Hazleton,Luzerne
New Hampshire,Manchester,Hillsborough
Maryland,Laurel,Anne Arundel
California,Adelanto,San Bernardino
California,Thornton,San Joaquin
Wisconsin,Fond Du Lac,Fond du Lac
California,Redwood City,San Mateo
Maryland,Frostburg,Allegany
California,Chico,Butte
Louisiana,Bastrop,Morehouse
Mississippi,Natchez,Adams
Mississippi,Ocean Springs,Jackson
Louisiana,Bossier City,Bossier
Florida,Lake Wales,Polk
Oklahoma,Henryetta,Okmulgee
California,Mojave,Kern
Texas,Bryan,Brazos
Massachusetts,Lawrence,Essex
Washington,Auburn,King
Maine,Bowdoin,Sagadahoc
Mississippi,Biloxi,Harrison
Georgia,Keysville,Burke
California,Northridge,Los Angeles
Hawaii,Waianae,Honolulu
North Carolina,Goldsboro,Wayne
South Carolina,Isle Of Palms,Charleston
Louisiana,Minden,Webster
Illinois,Macomb,McDonough
North Carolina,Williamston,Martin
Texas,Laredo,Webb
Washington,Vancouver,Clark
Illinois,Bolingbrook,Will
Florida,Lake City,Columbia
Florida,Cocoa,Brevard
Illinois,Machesney Park,Winnebago
Louisiana,Abbeville,Vermilion
Mississippi,Coldwater,Tate
Michigan,East Lansing,Ingham
Mississippi,Louisville,Winston
North Carolina,Laurinburg,Scotland
Arkansas,Newport,Jackson
Colorado,Peyton,El Paso
Texas,Huntsville,Walker
Texas,Texas City,Galveston
Tennessee,Luttrell,Union
South Carolina,Andrews,Georgetown
North Carolina,Red Springs,Robeson
California,Half Moon Bay,San Mateo
California,Monterey Park,Los Angeles
Florida,Fort Pierce,St. Lucie
Florida,Homestead,Miami-Dade
Virginia,Dumfries,Prince William
California,Eureka,Humboldt
California,Santa Ana,Orange
Georgia,Valdosta,Lowndes
California,Costa Mesa,Orange
Maryland,Temple Hills,Prince George's
Oklahoma,Hennessey,Kingfisher
North Carolina,Enfield,Halifax
Maryland,La Plata,Charles
California,Covina,Los Angeles
Oklahoma,Broken Arrow,Wagoner
North Carolina,Oxford,Granville
Georgia,Cordele,Crisp
Mississippi,Cleveland,Bolivar
Wisconsin,Hartland,Waukesha
California,Lancaster,Los Angeles
Mississippi,Itta Bena,Leflore
New York,Freeport,Nassau
South Carolina,Inman,Spartanburg
Arkansas,Jacksonville,Pulaski
California,Berkeley,Alameda
Texas,Baytown,Chambers
Mississippi,Marks,Quitman
Alabama,Uniontown,Perry
Indiana,Hammond,Lake
California,Castroville,Monterey
Michigan,Niles,Berrien
Michigan,Allendale,Ottawa
Missouri,Blue Springs,Jackson
Indiana,Plainfield,Hendricks
Maryland,Elk Mills,Cecil
Georgia,Hartwell,Hart
Illinois,Yorkville,Kendall
Wisconsin,Clinton,Rock
Oregon,Bend,Deschutes
Michigan,Paw Paw,Van Buren
Mississippi,Winona,Montgomery
Nebraska,Laurel,Cedar
California,Paramount,Los Angeles
Illinois,Wheeling,Cook
Georgia,Girard,Burke
Louisiana,Hahnville,St. Charles
North Carolina,Pinebluff,Moore
Washington,Mount Vernon,Skagit
Indiana,Greenwood,Johnson
Indiana,Beech Grove,Marion
Illinois,Crest Hill,Will
California,Downey,Los Angeles
Texas,Alvin,Brazoria
Alabama,Jacksons Gap,Tallapoosa
Minnesota,Saint Cloud,Stearns
Ohio,Steubenville,Jefferson
Illinois,Highland Park,Lake
South Carolina,Mullins,Marion
Arizona,Surprise,Maricopa
Texas,Haltom City,Tarrant
North Carolina,Clinton,Sampson
Georgia,Blakely,Early
Virginia,Sutherlin,Pittsylvania
Texas,Winona,Smith
New York,Staten Island,Richmond
Michigan,Roseville,Macomb
New Mexico,Alamogordo,Otero
Maryland,Smithsburg,Washington
Michigan,Ecorse,Wayne
South Carolina,Summerton,Clarendon
Virginia,Chester,Chesterfield
Texas,Centerville,Leon
Oklahoma,Taft,Muskogee
Florida,Malabar,Brevard
Michigan,Stanwood,Mecosta
Indiana,Goshen,Elkhart
Florida,Kissimmee,Osceola
California,Laguna Woods,Orange
Louisiana,Napoleonville,Assumption
Texas,Brookshire,Waller
Georgia,Clarkston,DeKalb
Florida,Tarpon Springs,Pinellas
Mississippi,Laurel,Jones
Louisiana,Opelousas,St. Landry
Indiana,Lafayette,Tippecanoe
Arkansas,Mountain View,Stone
Minnesota,Duluth,St. Louis
South Carolina,Furman,Hampton
Louisiana,Baldwin,St. Mary
Texas,Daingerfield,Morris
North Carolina,Shelby,Cleveland
California,Hollister,San Benito
Arkansas,Dumas,Desha
Virginia,Madison Heights,Amherst
Alabama,Autaugaville,Autauga
Mississippi,Mccomb,Pike
Missouri,Charleston,Mississippi
California,Turlock,Stanislaus
California,West Hollywood,Los Angeles
Illinois,Romeoville,Will
Texas,Corsicana,Navarro
New Mexico,Las Cruces,Doña Ana
Virginia,Blacksburg,Montgomery
California,Oroville,Butte
Florida,Winter Haven,Polk
Oregon,Eugene,Lane
Missouri,Kirksville,Adair
Virginia,Clear Brook,Frederick
Mississippi,Fayette,Jefferson
Mississippi,Bolton,Hinds
Illinois,River Grove,Cook
Wisconsin,Beloit,Rock
Georgia,Rex,Clayton
Michigan,Oxford,Oakland
South Carolina,Green Sea,Horry
Florida,Lehigh Acres,Lee
Texas,Marshall,Harrison
North Carolina,Warsaw,Duplin
Illinois,Berwyn,Cook
Oregon,Chiloquin,Klamath
South Dakota,Scotland,Bon Homme
California,Oakley,Contra Costa
Illinois,Flossmoor,Cook
New York,Poughkeepsie,Dutchess
California,Gonzales,Monterey
Mississippi,Crenshaw,Panola
California,Ontario,San Bernardino
Georgia,Fort Valley,Peach
Michigan,Farwell,Clare
Louisiana,Grambling,Lincoln
Florida,Naples,Collier
Iowa,Sioux City,Woodbury
South Carolina,Bishopville,Lee
Tennessee,Athens,McMinn
Tennessee,Collierville,Shelby
South Carolina,Yemassee,Hampton
Texas,Temple,Bell
Illinois,Blue Island,Cook
Alabama,Dothan,Houston
Missouri,Independence,Jackson
Missouri,Wyatt,Mississippi
New York,Niagara Falls,Niagara
North Carolina,Elm City,Wilson
Illinois,Normal,McLean
Pennsylvania,Sharon Hill,Delaware
Texas,Wichita Falls,Wichita
Illinois,Urbana,Champaign
California,Wasco,Kern
California,San Rafael,Marin
Texas,Jacksonville,Cherokee
New Jersey,Perth Amboy,Middlesex
North Carolina,Burlington,Alamance
California,Walnut Creek,Contra Costa
Texas,Levelland,Hockley
Delaware,Claymont,New Castle
Pennsylvania,Beaver Falls,Beaver
New Jersey,Iselin,Middlesex
California,Thermal,Riverside
Illinois,Rantoul,Champaign
North Carolina,Chadbourn,Columbus
Illinois,Saint Charles,Kane
Alabama,Fort Deposit,Lowndes
Florida,Wildwood,Sumter
Indiana,Granger,St. Joseph
Alabama,Albertville,Marshall
Ohio,West Salem,Wayne
New York,Yonkers,Westchester
North Carolina,Snow Hill,Greene
Alabama,Aliceville,Pickens
Michigan,Inkster,Wayne
Ohio,West Jefferson,Madison
California,Hemet,Riverside
Georgia,Buford,Gwinnett
California,Citrus Heights,Sacramento
New York,New Rochelle,Westchester
Massachusetts,Holyoke,Hampden
North Carolina,Boone,Watauga
Alabama,Fairfield,Jefferson
Oregon,Gresham,Multnomah
Texas,Palestine,Anderson
Missouri,Koshkonong,Oregon
Florida,Quincy,Gadsden
Maryland,Essex,Baltimore
Georgia,Acworth,Cobb
New Mexico,Ohkay Owingeh,Rio Arriba
Florida,Clearwater,Pinellas
Mississippi,Edwards,Hinds
California,Yuba City,Sutter
Indiana,East Chicago,Lake
Mississippi,Pattison,Claiborne
Missouri,Kennett,Dunklin
North Carolina,Teachey,Duplin
Colorado,Grand Junction,Mesa
Illinois,Springfield,Sangamon
North Carolina,Cary,Wake
Minnesota,Buffalo,Wright
Illinois,Bloomingdale,DuPage
Pennsylvania,Mohnton,Berks
Mississippi,Benoit,Bolivar
Colorado,Oak Creek,Routt
Pennsylvania,Tobyhanna,Monroe
Illinois,Galesburg,Knox
Illinois,East St. Louis,St. Clair
Texas,Flour Bluff,Nueces
California,East Palo Alto,San Mateo
Washington,Skyway,King
Illinois,Centreville,St. Clair
New York,Manhattan,New York
Maryland,Seat Pleasant,Prince George's
Tennessee,Lookout Valley,Hamilton
Florida,Orlando (Pine Hills),Orange
Illinois,Lovejoy (Brooklyn),St. Clair
Minnesota,Minneapolis (Brooklyn Center),Hennepin
New York,New York (Manhattan),New York
Florida,Allapattah,Miami-Dade
Maryland,Springdale,Prince George's
Missouri,Kinloch,St. Louis
New York,Gates,Monroe
Missouri,Tyrone,Texas
Ohio,Beachwood (Warrensville Heights),Cuyahoga
New York,Arverne (Queens),Queens
Georgia,Lenox (El Dorado),Telfair
Illinois,Chicago (Roseland),Cook
Texas,Mission (Palmview),Hidalgo
Florida,Fort Lauderdale (Lauderhill),Broward
Illinois,Chicago (Englewood),Cook
North Carolina,Winston Salem (Winston-Salem),Forsyth
California,Los Angeles (Hollywood),Los Angeles
Arkansas,Hot Springs National Park (Hot Springs),Garland
Alabama,Bessemer (Brighton),Jefferson
Pennsylvania,Reading (Sinking Spring),Berks
Florida,Hollywood (West Park),Broward
Georgia,Townsend (Eulonia),McIntosh
Missouri,Saint Louis (Ferguson),St. Louis
Maryland,District Heights (Forestville),Prince George's
Florida,Plantation,Broward
Pennsylvania,Pittsburgh (Wilkinsburg),Allegheny
Virginia,Woodbridge (Lake Ridge),Prince William
Colorado,Littleton (Highlands Ranch),Douglas and Jefferson
Mississippi,Mc Cool (Mccool),Attala
Ohio,Dayton (Trotwood),Montgomery
Florida,Orlando (Pine Castle),Orange
Missouri,Saint Louis (University City),St. Louis
California,Los Angeles (Boyle Heights),Los Angeles
Louisiana,New Orleans (Gentilly),Orleans
Minnesota,Minneapolis (Crystal),Hennepin
New York,Corona (Queens),Queens
California,Los Angeles (Watts),Los Angeles
California,Long Beach (North Long Beach),Los Angeles
California,Palo Alto (East Palo Alto),San Mateo
New Mexico,Espanola (Española),Rio Arriba
Louisiana,New Orleans (Algiers),Orleans
Florida,Palm Beach Gardens (Riviera Beach),Palm Beach
Alabama,Brandon,Shelby
Pennsylvania,Homestead (Munhall),Allegheny
Indiana,Indianapolis (Lawrence),Marion
Washington,Seattle (Skyway),King
Utah,Salt Lake City (West Valley City),Salt Lake
Florida,Pompano Beach (Parkland),Broward
Florida,Lake Worth (Lantana),Palm Beach
Ohio,Cleveland (Garfield Heights),Cuyahoga
Missouri,Saint Robert (St Robert),Pulaski
Minnesota,Minneapolis (Spring Lake Park),Anoka
Missouri,Saint Louis (Moline Acres),St. Louis
Florida,Brownsville,Miami-Dade
Oklahoma,Oklahoma City (Midwest City),Oklahoma
Illinois,Round Lake (Round Lake Park),Lake
Maryland,Temple Hills (Camp Springs),Prince George's
Missouri,Saint Louis (Wellston),St. Louis
Maryland,Hyattsville (Landover),Prince George's
Wisconsin,Milwaukee (Wauwatosa),Milwaukee
Missouri,Saint Louis (Jennings),St. Louis
Alabama,Bessemer (Hueytown),Jefferson
Maryland,Temple Hills (Marlow Heights),Prince George's
Alabama,Birmingham (Hoover),Jefferson
Texas,El Paso (Socorro),El Paso
Ohio,Warren (Howland),Trumbull
Illinois,Chicago Heights (Ford Heights),Cook
California,Florin,Sacramento
Mississippi,Robinsonville (Tunica Resorts),Tunica
Nevada,Las Vegas (Enterprise),Clark
California,Goshen,Tulare
Utah,Cedar City (Enoch),Iron
Illinois,Washington Park,St. Clair
Texas,Mcallen (McAllen),Hidalgo
Texas,Mc Gregor,McLennan
Florida,Miami (North Miami),Miami-Dade
Florida,Fort Lauderdale (Lauderdale Lakes),Broward
Georgia,Atlanta (College Park),Fulton
Kansas,Cowley County,Cowley
California,Willowbrook,Los Angeles
Louisiana,Hahnville (Killona),St. Charles
Colorado,Littleton (Lakewood),Jefferson
South Carolina,Mc Coll (Mccoll),Marlboro
Washington,Seattle (Des Moines),King
Maryland,Hyattsville (Adelphi),Prince George's
Florida,Miami (Kendall),Miami-Dade
Maryland,Gwynn Oak (Woodlawn),Baltimore
Missouri,Saint Louis (Kinloch),St. Louis
Louisiana,La Place (Laplace),St. John the Baptist
South Carolina,Mccormick,McCormick
Pennsylvania,Norristown (East Norriton),Montgomery
Florida,Fort Lauderdale (Sunrise),Broward
Pennsylvania,McKees Rocks (Mckees Rocks),Allegheny
